{"cameraMode":{"drawMode":0,"name":"Shaded","section":"Shading Mode"},"sceneLighting":false,"audioPlay":false,"sceneViewState":{"showFog":true,"showMaterialUpdate":false,"showSkybox":true,"showFlares":true,"showImageEffects":true,"showParticleSystems":true},"in2DMode":false,"pivot":{"x":36.13220977783203,"y":39.023643493652347,"z":7.492840766906738},"rotation":{"x":0.6631951928138733,"y":-0.02039594016969204,"z":0.018085451796650888,"w":0.7479499578475952},"size":22.0,"orthographic":false}