{"cameraMode":{"drawMode":0,"name":"Shaded","section":"Shading Mode"},"sceneLighting":false,"audioPlay":false,"sceneViewState":{"showFog":true,"showMaterialUpdate":false,"showSkybox":true,"showFlares":true,"showImageEffects":true,"showParticleSystems":true},"in2DMode":false,"pivot":{"x":473.0278625488281,"y":186.5336456298828,"z":-43.22289276123047},"rotation":{"x":-0.35529711842536929,"y":-0.01906922459602356,"z":0.007249957881867886,"w":-0.9345307946205139},"size":1588.0692138671875,"orthographic":false}