{"cameraMode":{"drawMode":0,"name":"Shaded","section":"Shading Mode"},"sceneLighting":false,"audioPlay":false,"sceneViewState":{"showFog":true,"showMaterialUpdate":false,"showSkybox":true,"showFlares":true,"showImageEffects":true,"showParticleSystems":true},"in2DMode":false,"pivot":{"x":61.701202392578128,"y":-44.3355712890625,"z":102.51628875732422},"rotation":{"x":-0.1153615340590477,"y":0.5255719423294067,"z":-0.07219696044921875,"w":-0.8397937417030335},"size":294.0965881347656,"orthographic":false}