{"cameraMode":{"drawMode":0,"name":"Shaded","section":"Shading Mode"},"sceneLighting":true,"audioPlay":false,"sceneViewState":{"showFog":true,"showMaterialUpdate":false,"showSkybox":false,"showFlares":true,"showImageEffects":true,"showParticleSystems":true},"in2DMode":false,"pivot":{"x":71.4000015258789,"y":34.099998474121097,"z":28.200000762939454},"rotation":{"x":0.06188429892063141,"y":-0.9267548322677612,"z":0.1758439838886261,"w":0.32615163922309878},"size":200.05186462402345,"orthographic":false}