{"cameraMode":{"drawMode":0,"name":"Shaded","section":"Shading Mode"},"sceneLighting":false,"audioPlay":false,"sceneViewState":{"showFog":true,"showMaterialUpdate":false,"showSkybox":true,"showFlares":true,"showImageEffects":true,"showParticleSystems":true},"in2DMode":false,"pivot":{"x":107.55087280273438,"y":-2.028521776199341,"z":-15.124247550964356},"rotation":{"x":0.03287587687373161,"y":0.9260380864143372,"z":-0.08301672339439392,"w":0.3667163848876953},"size":31.74130630493164,"orthographic":false}