{"cameraMode":{"drawMode":0,"name":"Shaded","section":"Shading Mode"},"sceneLighting":false,"audioPlay":false,"sceneViewState":{"showFog":true,"showMaterialUpdate":false,"showSkybox":true,"showFlares":true,"showImageEffects":true,"showParticleSystems":true},"in2DMode":false,"pivot":{"x":72.94660186767578,"y":-12.827278137207032,"z":-11.608909606933594},"rotation":{"x":0.29093092679977419,"y":-0.3155299425125122,"z":0.10229208320379257,"w":0.8974054455757141},"size":31.74130630493164,"orthographic":false}