{"cameraMode":{"drawMode":0,"name":"Shaded","section":"Shading Mode"},"sceneLighting":false,"audioPlay":false,"sceneViewState":{"showFog":true,"showMaterialUpdate":false,"showSkybox":true,"showFlares":true,"showImageEffects":true,"showParticleSystems":true},"in2DMode":false,"pivot":{"x":0.26999998092651369,"y":-0.9299993515014648,"z":-0.45999979972839358},"rotation":{"x":-0.334504634141922,"y":-0.6072810292243958,"z":0.3129294514656067,"w":-0.6491468548774719},"size":22.0,"orthographic":false}