{"cameraMode":{"drawMode":0,"name":"Shaded","section":"Shading Mode"},"sceneLighting":false,"audioPlay":false,"sceneViewState":{"showFog":true,"showMaterialUpdate":false,"showSkybox":true,"showFlares":true,"showImageEffects":true,"showParticleSystems":true},"in2DMode":false,"pivot":{"x":165.98866271972657,"y":-51.147945404052737,"z":-82.68521118164063},"rotation":{"x":-0.35529711842536929,"y":-0.01906922459602356,"z":0.007249957881867886,"w":-0.9345307946205139},"size":22.0,"orthographic":false}