{"cameraMode":{"drawMode":0,"name":"Shaded","section":"Shading Mode"},"sceneLighting":false,"audioPlay":false,"sceneViewState":{"showFog":true,"showMaterialUpdate":false,"showSkybox":false,"showFlares":true,"showImageEffects":true,"showParticleSystems":true},"in2DMode":false,"pivot":{"x":0.29550743103027346,"y":0.1651897430419922,"z":0.16089630126953126},"rotation":{"x":0.39940670132637026,"y":0.041228823363780978,"z":-0.01798373833298683,"w":0.9156697392463684},"size":11.696393966674805,"orthographic":false}